[[17 18]],[[ 7 28]],[[ 7 58]],[[ 8 59]],[[ 7 60]],[[ 7 85]],[[ 6 86]],[[ 6 99]],[[  7 100]],[[  7 142]],[[  6 143]],[[  6 149]],[[  7 150]],[[  7 462]],[[  6 463]],[[  6 478]],[[  7 479]],[[  6 480]],[[  6 560]],[[  5 561]],[[  5 605]],[[  7 607]],[[  8 607]],[[  9 608]],[[ 10 608]],[[ 12 610]],[[ 13 610]],[[ 14 611]],[[ 41 611]],[[ 42 612]],[[ 48 612]],[[ 49 611]],[[ 62 611]],[[ 63 612]],[[240 612]],[[241 613]],[[241 614]],[[251 614]],[[252 613]],[[255 613]],[[256 612]],[[263 612]],[[264 613]],[[276 613]],[[277 614]],[[339 614]],[[340 615]],[[355 615]],[[356 614]],[[367 614]],[[368 615]],[[377 615]],[[377 614]],[[378 613]],[[382 613]],[[383 614]],[[383 615]],[[389 615]],[[390 614]],[[391 615]],[[398 615]],[[399 614]],[[402 614]],[[403 613]],[[438 613]],[[439 612]],[[440 612]],[[444 608]],[[444 607]],[[446 605]],[[446 596]],[[445 595]],[[445 589]],[[446 588]],[[446 525]],[[445 524]],[[445 506]],[[444 505]],[[445 504]],[[445 481]],[[446 480]],[[446 320]],[[445 319]],[[445 314]],[[444 313]],[[445 312]],[[445 297]],[[446 296]],[[446 260]],[[445 259]],[[445  24]],[[444  23]],[[443  23]],[[442  22]],[[441  22]],[[440  21]],[[438  21]],[[437  20]],[[418  20]],[[417  19]],[[405  19]],[[404  20]],[[403  19]],[[321  19]],[[320  20]],[[319  19]],[[310  19]],[[309  20]],[[297  20]],[[296  19]],[[249  19]],[[248  18]],[[237  18]],[[236  19]],[[217  19]],[[216  18]],[[202  18]],[[201  19]],[[158  19]],[[157  18]],[[99 18]],[[98 19]],[[97 18]],[[81 18]],[[80 19]],[[67 19]],[[66 20]],[[65 19]],[[39 19]],[[38 18]]
[[259 589]],[[260 588]],[[261 589]],[[260 590]]
[[251 587]],[[252 586]],[[253 587]],[[252 588]]
[[239 586]],[[240 585]],[[241 586]],[[240 587]]
[[322 582]],[[323 581]],[[324 582]],[[323 583]]
[[290 578]],[[293 578]],[[294 579]],[[293 580]],[[292 580]],[[292 582]],[[291 583]],[[290 582]],[[290 581]],[[289 581]],[[288 580]]
[[337 571]],[[338 570]],[[341 570]],[[342 571]],[[341 572]],[[339 572]],[[339 577]],[[338 578]],[[337 577]]
[[284 569]],[[285 568]],[[286 569]],[[285 570]]
[[336 562]],[[337 561]],[[339 561]],[[340 562]],[[339 563]],[[338 563]],[[338 570]],[[337 571]],[[331 571]],[[330 570]],[[331 569]],[[336 569]]
[[312 561]],[[313 560]],[[314 560]],[[315 561]],[[315 562]],[[316 562]],[[317 563]],[[317 568]],[[320 568]],[[321 569]],[[320 570]],[[316 570]],[[316 572]],[[315 573]],[[309 573]],[[308 574]],[[304 574]],[[304 580]],[[303 581]],[[301 581]],[[300 580]],[[300 577]],[[296 577]],[[295 576]],[[295 572]],[[294 571]],[[294 569]],[[295 568]],[[301 568]],[[301 562]],[[302 561]],[[303 562]],[[303 566]],[[312 566]]
[[322 559]],[[323 558]],[[324 559]],[[323 560]]
[[339 554]],[[340 553]],[[341 554]],[[340 555]]
[[324 554]],[[325 553]],[[326 554]],[[326 556]],[[335 556]],[[336 557]],[[336 558]],[[335 559]],[[331 559]],[[330 558]],[[325 558]],[[324 557]]
[[311 553]],[[312 552]],[[313 553]],[[313 559]],[[312 560]],[[306 560]],[[305 559]],[[307 557]],[[311 557]]
[[298 550]],[[299 549]],[[300 550]],[[299 551]]
[[326 549]],[[327 548]],[[328 549]],[[327 550]]
[[312 549]],[[313 548]],[[314 549]],[[313 550]]
[[314 545]],[[315 544]],[[316 545]],[[315 546]]
[[272 543]],[[273 542]],[[274 543]],[[274 544]],[[277 544]],[[278 545]],[[278 548]],[[279 549]],[[279 550]],[[280 551]],[[280 554]],[[286 554]],[[286 547]],[[287 546]],[[288 547]],[[288 549]],[[289 550]],[[288 551]],[[288 557]],[[290 557]],[[291 558]],[[290 559]],[[289 559]],[[289 566]],[[294 566]],[[295 567]],[[294 568]],[[288 568]],[[287 567]],[[287 561]],[[278 561]],[[278 564]],[[277 565]],[[274 565]],[[274 573]],[[276 573]],[[277 574]],[[278 574]],[[279 575]],[[279 581]],[[278 582]],[[277 581]],[[277 578]],[[266 578]],[[265 579]],[[263 579]],[[263 585]],[[262 586]],[[261 585]],[[261 582]],[[260 582]],[[259 581]],[[259 578]],[[251 578]],[[251 585]],[[250 586]],[[245 586]],[[244 585]],[[244 575]],[[237 575]],[[237 583]],[[236 584]],[[235 584]],[[234 583]],[[234 568]],[[233 567]],[[234 566]],[[235 566]],[[235 559]],[[234 558]],[[234 554]],[[233 553]],[[234 552]],[[235 552]],[[236 551]],[[236 550]],[[237 549]],[[238 550]],[[238 553]],[[247 553]],[[247 549]],[[248 548]],[[249 549]],[[259 549]],[[259 546]],[[260 545]],[[261 546]],[[261 547]],[[272 547]]
[[238 555]],[[238 564]],[[242 564]],[[243 565]],[[243 569]],[[249 569]],[[250 568]],[[251 569]],[[254 569]],[[255 570]],[[255 576]],[[261 576]],[[261 571]],[[262 570]],[[269 570]],[[269 560]],[[261 560]],[[261 566]],[[260 567]],[[259 567]],[[258 566]],[[258 563]],[[257 563]],[[256 562]],[[251 562]],[[250 561]],[[247 561]],[[246 560]],[[246 555]]
[[300 542]],[[301 541]],[[303 541]],[[304 542]],[[303 543]],[[302 543]],[[302 545]],[[301 546]],[[300 545]]
[[233 542]],[[234 541]],[[244 541]],[[245 542]],[[245 545]],[[244 546]],[[241 546]],[[240 545]],[[240 543]],[[234 543]]
[[331 541]],[[332 540]],[[333 541]],[[332 542]]
[[295 541]],[[296 540]],[[297 541]],[[296 542]]
[[254 541]],[[255 540]],[[256 541]],[[255 542]]
[[269 538]],[[270 537]],[[271 538]],[[270 539]]
[[261 535]],[[262 534]],[[263 535]],[[262 536]]
[[399 522]],[[400 521]],[[402 521]],[[403 522]],[[404 522]],[[405 523]],[[403 525]],[[401 525]],[[399 523]]
[[ 21 515]],[[ 22 514]],[[ 23 515]],[[ 23 528]],[[ 24 529]],[[ 23 530]],[[ 22 530]],[[ 21 529]]
[[ 22 507]],[[ 23 506]],[[ 24 507]],[[ 24 514]],[[ 23 515]],[[ 22 514]]
[[158 505]],[[159 504]],[[169 504]],[[170 505]],[[170 506]],[[171 507]],[[171 511]],[[173 511]],[[174 512]],[[173 513]],[[157 513]],[[155 515]],[[136 515]],[[135 514]],[[135 513]],[[117 513]],[[117 514]],[[116 515]],[[ 96 515]],[[ 95 514]],[[ 95 513]],[[ 79 513]],[[ 77 515]],[[ 58 515]],[[ 57 514]],[[ 57 513]],[[ 59 511]],[[ 66 511]],[[ 67 510]],[[ 68 510]],[[ 69 511]],[[ 75 511]],[[ 75 508]],[[ 77 506]],[[ 78 506]],[[ 80 508]],[[ 80 511]],[[ 95 511]],[[ 95 506]],[[ 96 505]],[[ 97 506]],[[ 97 507]],[[ 98 508]],[[ 98 511]],[[114 511]],[[114 507]],[[116 505]],[[118 507]],[[118 511]],[[135 511]],[[135 506]],[[136 505]],[[137 505]],[[138 506]],[[138 507]],[[139 508]],[[139 511]],[[153 511]],[[153 507]],[[155 505]]
[[340 456]],[[341 455]],[[342 456]],[[355 456]],[[356 457]],[[357 457]],[[358 458]],[[359 458]],[[361 460]],[[363 460]],[[364 461]],[[364 463]],[[365 463]],[[366 464]],[[366 470]],[[365 471]],[[364 471]],[[362 473]],[[360 473]],[[360 476]],[[359 477]],[[358 477]],[[358 486]],[[359 487]],[[359 488]],[[358 489]],[[358 495]],[[359 496]],[[359 497]],[[358 498]],[[357 498]],[[355 496]],[[355 494]],[[351 494]],[[350 493]],[[340 493]],[[339 492]],[[332 492]],[[331 493]],[[330 492]],[[330 491]],[[327 491]],[[326 490]],[[321 490]],[[320 489]],[[314 489]],[[313 488]],[[313 487]],[[311 487]],[[309 485]],[[309 481]],[[308 480]],[[308 478]],[[306 476]],[[306 473]],[[307 472]],[[308 472]],[[308 469]],[[309 468]],[[309 467]],[[311 465]],[[312 465]],[[312 462]],[[314 460]],[[315 460]],[[317 458]],[[318 458]],[[320 456]],[[321 457]],[[336 457]],[[337 456]]
[[ 22 453]],[[ 23 452]],[[ 24 453]],[[ 24 486]],[[ 23 487]],[[ 22 486]]
[[208 436]],[[209 435]],[[210 435]],[[211 436]],[[213 436]],[[214 437]],[[221 437]],[[222 438]],[[222 450]],[[223 451]],[[223 452]],[[224 452]],[[225 453]],[[226 453]],[[227 454]],[[229 454]],[[230 455]],[[232 455]],[[233 456]],[[235 456]],[[236 457]],[[244 457]],[[245 456]],[[247 456]],[[248 457]],[[253 457]],[[254 458]],[[256 458]],[[257 459]],[[259 459]],[[260 460]],[[275 460]],[[276 461]],[[277 461]],[[278 462]],[[278 464]],[[279 465]],[[279 470]],[[280 471]],[[280 480]],[[279 481]],[[279 483]],[[278 484]],[[278 491]],[[276 493]],[[273 493]],[[273 495]],[[272 496]],[[266 496]],[[264 498]],[[260 498]],[[260 500]],[[259 501]],[[259 502]],[[258 503]],[[258 504]],[[257 505]],[[256 505]],[[255 506]],[[252 506]],[[252 507]],[[251 508]],[[242 508]],[[242 509]],[[241 510]],[[240 510]],[[237 513]],[[234 513]],[[234 515]],[[233 516]],[[232 515]],[[232 514]],[[218 514]],[[217 513]],[[213 513]],[[211 511]],[[211 510]],[[209 508]],[[209 504]],[[208 503]],[[208 502]],[[207 501]],[[207 500]],[[206 499]],[[206 497]],[[207 496]],[[207 488]],[[206 487]],[[206 486]],[[205 485]],[[205 478]],[[204 477]],[[203 477]],[[201 475]],[[201 474]],[[198 471]],[[198 461]],[[196 461]],[[194 459]],[[196 457]],[[196 451]],[[195 451]],[[194 450]],[[194 447]],[[193 446]],[[192 446]],[[191 445]],[[192 444]],[[195 444]],[[196 443]],[[197 443]],[[197 442]],[[198 441]],[[198 440]],[[199 439]],[[201 439]],[[201 438]],[[202 437]],[[206 437]],[[207 436]]
[[ 21 429]],[[ 22 428]],[[ 23 429]],[[ 22 430]]
[[ 21 386]],[[ 22 385]],[[ 23 386]],[[ 23 394]],[[ 22 395]],[[ 21 394]]
[[ 77 381]],[[ 78 380]],[[ 79 381]],[[ 83 381]],[[ 84 382]],[[ 84 384]],[[ 89 384]],[[ 90 385]],[[ 90 386]],[[ 91 387]],[[ 91 389]],[[ 92 390]],[[ 92 394]],[[ 93 395]],[[ 93 398]],[[ 94 399]],[[ 94 404]],[[ 95 405]],[[ 95 407]],[[ 97 409]],[[ 97 410]],[[ 99 412]],[[ 99 413]],[[100 413]],[[102 415]],[[102 419]],[[103 420]],[[103 424]],[[104 425]],[[104 426]],[[110 426]],[[112 428]],[[117 428]],[[118 429]],[[120 429]],[[121 430]],[[121 432]],[[127 432]],[[127 431]],[[129 429]],[[131 429]],[[132 430]],[[136 430]],[[139 433]],[[140 433]],[[141 434]],[[143 434]],[[144 435]],[[144 436]],[[148 436]],[[149 437]],[[150 437]],[[153 440]],[[153 441]],[[154 442]],[[154 443]],[[155 444]],[[155 447]],[[153 449]],[[153 450]],[[152 451]],[[152 452]],[[151 453]],[[151 467]],[[152 468]],[[152 469]],[[153 470]],[[153 472]],[[154 473]],[[154 474]],[[153 475]],[[153 477]],[[151 479]],[[151 480]],[[150 481]],[[149 481]],[[148 482]],[[147 482]],[[146 483]],[[143 483]],[[142 484]],[[141 484]],[[141 485]],[[139 487]],[[138 487]],[[137 488]],[[134 488]],[[133 489]],[[125 489]],[[124 488]],[[123 488]],[[122 487]],[[116 487]],[[114 489]],[[109 489]],[[108 490]],[[106 490]],[[105 491]],[[104 491]],[[103 492]],[[102 491]],[[102 490]],[[100 490]],[[ 99 489]],[[ 99 488]],[[ 98 487]],[[ 96 487]],[[ 94 485]],[[ 85 485]],[[ 84 486]],[[ 84 488]],[[ 83 489]],[[ 82 489]],[[ 81 490]],[[ 76 490]],[[ 75 489]],[[ 74 489]],[[ 73 488]],[[ 68 488]],[[ 66 486]],[[ 64 486]],[[ 62 484]],[[ 62 483]],[[ 61 482]],[[ 62 481]],[[ 62 474]],[[ 63 473]],[[ 65 473]],[[ 65 467]],[[ 64 467]],[[ 63 466]],[[ 58 466]],[[ 57 465]],[[ 57 462]],[[ 58 461]],[[ 59 461]],[[ 60 460]],[[ 61 460]],[[ 61 451]],[[ 63 449]],[[ 65 449]],[[ 65 442]],[[ 66 441]],[[ 66 439]],[[ 67 438]],[[ 68 438]],[[ 68 431]],[[ 67 430]],[[ 67 429]],[[ 66 428]],[[ 66 426]],[[ 67 425]],[[ 75 425]],[[ 75 419]],[[ 67 419]],[[ 66 420]],[[ 65 419]],[[ 65 418]],[[ 64 417]],[[ 64 416]],[[ 65 415]],[[ 68 415]],[[ 68 408]],[[ 69 407]],[[ 70 407]],[[ 70 406]],[[ 73 403]],[[ 85 403]],[[ 85 395]],[[ 79 395]],[[ 79 396]],[[ 78 397]],[[ 75 397]],[[ 74 396]],[[ 75 395]],[[ 76 395]],[[ 76 392]],[[ 77 391]],[[ 78 392]],[[ 86 392]],[[ 86 386]],[[ 79 386]],[[ 78 385]],[[ 78 383]],[[ 77 382]]
[[ 83 408]],[[ 83 414]],[[ 84 415]],[[ 90 415]],[[ 90 408]]
[[354 363]],[[355 362]],[[356 363]],[[355 364]]
[[383 356]],[[384 355]],[[386 355]],[[387 356]],[[387 363]],[[388 364]],[[388 365]],[[387 366]],[[384 366]],[[384 368]],[[383 369]],[[376 369]],[[375 370]],[[371 370]],[[370 369]],[[370 366]],[[372 364]],[[373 364]],[[374 363]],[[377 363]],[[378 362]],[[383 362]]
[[ 21 323]],[[ 22 322]],[[ 23 323]],[[ 23 376]],[[ 22 377]],[[ 21 376]]
[[ 20 289]],[[ 21 288]],[[ 22 289]],[[ 22 304]],[[ 21 305]],[[ 20 304]]
[[228 285]],[[229 284]],[[230 284]],[[231 285]],[[231 286]],[[237 286]],[[238 285]],[[248 285]],[[249 284]],[[251 284]],[[253 286]],[[254 286]],[[255 287]],[[255 288]],[[261 288]],[[262 287]],[[263 288]],[[263 289]],[[276 289]],[[277 290]],[[277 291]],[[279 293]],[[280 293]],[[281 294]],[[294 294]],[[295 295]],[[301 295]],[[302 296]],[[302 297]],[[303 298]],[[303 304]],[[302 305]],[[299 305]],[[299 310]],[[298 311]],[[295 311]],[[295 312]],[[293 314]],[[293 321]],[[294 322]],[[294 323]],[[305 323]],[[305 313]],[[302 313]],[[301 312]],[[302 311]],[[306 311]],[[306 305]],[[307 304]],[[308 305]],[[308 306]],[[309 307]],[[309 310]],[[308 311]],[[308 334]],[[307 335]],[[304 335]],[[304 344]],[[307 344]],[[308 345]],[[308 354]],[[309 355]],[[309 357]],[[312 357]],[[313 358]],[[314 358]],[[315 359]],[[315 360]],[[316 361]],[[316 363]],[[315 364]],[[311 364]],[[310 363]],[[310 361]],[[298 361]],[[297 362]],[[297 368]],[[308 368]],[[309 369]],[[309 370]],[[314 370]],[[315 371]],[[316 371]],[[317 372]],[[320 372]],[[321 373]],[[322 373]],[[324 375]],[[324 376]],[[325 376]],[[326 377]],[[326 380]],[[329 380]],[[331 382]],[[331 386]],[[332 387]],[[332 390]],[[330 392]],[[329 392]],[[329 393]],[[328 394]],[[320 394]],[[320 400]],[[322 400]],[[323 401]],[[335 401]],[[337 403]],[[337 404]],[[339 406]],[[339 408]],[[338 409]],[[336 409]],[[335 410]],[[334 409]],[[327 409]],[[326 410]],[[324 410]],[[324 416]],[[327 416]],[[328 417]],[[335 417]],[[336 418]],[[341 418]],[[342 419]],[[344 419]],[[345 420]],[[351 420]],[[351 418]],[[353 416]],[[354 416]],[[355 417]],[[355 420]],[[356 421]],[[365 421]],[[369 425]],[[369 426]],[[368 427]],[[367 427]],[[366 428]],[[356 428]],[[355 429]],[[350 429]],[[349 428]],[[349 427]],[[348 426]],[[348 425]],[[331 425]],[[331 428]],[[329 430]],[[328 429]],[[328 423]],[[320 423]],[[319 422]],[[319 421]],[[312 421]],[[311 422]],[[310 421]],[[301 421]],[[300 420]],[[300 419]],[[294 419]],[[293 420]],[[290 420]],[[289 419]],[[285 419]],[[284 418]],[[282 418]],[[281 417]],[[279 417]],[[278 416]],[[274 416]],[[273 415]],[[270 415]],[[268 413]],[[268 411]],[[259 411]],[[258 410]],[[259 409]],[[259 408]],[[261 406]],[[262 406]],[[263 407]],[[274 407]],[[275 408]],[[281 408]],[[281 401]],[[276 401]],[[275 400]],[[275 396]],[[267 396]],[[267 397]],[[266 398]],[[258 398]],[[257 399]],[[255 399]],[[253 397]],[[253 395]],[[252 394]],[[250 394]],[[249 393]],[[249 391]],[[250 390]],[[250 389]],[[251 388]],[[254 388]],[[254 379]],[[249 379]],[[248 378]],[[248 376]],[[247 375]],[[247 369]],[[246 369]],[[244 367]],[[244 364]],[[243 363]],[[243 362]],[[242 361]],[[242 355]],[[241 354]],[[241 348]],[[240 348]],[[239 347]],[[239 346]],[[238 345]],[[238 342]],[[237 341]],[[237 338]],[[236 337]],[[236 335]],[[235 334]],[[235 332]],[[234 331]],[[234 330]],[[233 329]],[[233 326]],[[232 325]],[[232 322]],[[231 321]],[[231 318]],[[230 317]],[[230 314]],[[229 313]],[[229 312]],[[228 311]],[[228 308]],[[227 307]],[[227 305]],[[226 304]],[[226 302]],[[227 301]],[[227 295]],[[228 294]]
[[301 406]],[[301 413]],[[311 413]],[[311 407]],[[309 407]],[[308 406]]
[[295 390]],[[295 396]],[[298 396]],[[299 397]],[[299 398]],[[308 398]],[[308 391]],[[307 391]],[[306 390]]
[[275 387]],[[275 393]],[[283 393]],[[283 387]]
[[298 376]],[[298 382]],[[302 382]],[[303 383]],[[309 383]],[[309 377]],[[307 377]],[[306 376]]
[[188 277]],[[189 276]],[[191 276]],[[193 278]],[[193 282]],[[192 283]],[[188 283]],[[187 282]],[[187 281]],[[188 280]]
[[332 275]],[[333 274]],[[336 274]],[[337 275]],[[338 275]],[[340 277]],[[346 277]],[[347 278]],[[345 280]],[[345 290]],[[346 290]],[[349 293]],[[355 293]],[[356 292]],[[357 292]],[[358 291]],[[360 291]],[[360 290]],[[361 289]],[[365 289]],[[366 288]],[[367 288]],[[367 285]],[[368 284]],[[369 285]],[[369 286]],[[370 287]],[[370 288]],[[371 289]],[[375 289]],[[376 290]],[[375 291]],[[374 291]],[[373 292]],[[368 292]],[[368 293]],[[367 294]],[[359 294]],[[358 295]],[[352 295]],[[352 301]],[[366 301]],[[368 303]],[[368 312]],[[369 313]],[[371 313]],[[372 314]],[[372 322]],[[376 322]],[[377 323]],[[377 325]],[[378 325]],[[379 326]],[[379 327]],[[378 328]],[[378 329]],[[377 330]],[[375 330]],[[375 337]],[[377 339]],[[378 339]],[[379 340]],[[379 341]],[[377 343]],[[376 343]],[[375 344]],[[372 344]],[[372 346]],[[371 347]],[[370 346]],[[370 343]],[[358 343]],[[357 342]],[[355 342]],[[354 341]],[[354 340]],[[353 340]],[[352 339]],[[352 338]],[[351 338]],[[350 337]],[[351 336]],[[354 336]],[[355 337]],[[361 337]],[[361 331]],[[359 331]],[[358 330]],[[358 329]],[[351 329]],[[351 330]],[[350 331]],[[349 330]],[[349 329]],[[342 329]],[[341 328]],[[339 328]],[[338 327]],[[336 327]],[[335 326]],[[335 324]],[[336 323]],[[347 323]],[[347 317]],[[321 317]],[[320 316]],[[320 315]],[[321 314]],[[321 312]],[[322 311]],[[327 311]],[[327 305]],[[324 305]],[[322 303]],[[322 296]],[[318 296]],[[315 293]],[[315 292]],[[311 292]],[[310 291]],[[310 289]],[[311 288]],[[319 288]],[[319 287]],[[320 286]],[[320 285]],[[321 284]],[[323 284]],[[323 277]],[[324 276]],[[327 276]],[[328 275]]
[[326 293]],[[325 294]],[[324 294]],[[324 300]],[[335 300]],[[336 301]],[[344 301]],[[345 300]],[[345 293]],[[338 293]],[[337 294]],[[334 294]],[[333 293]]
[[333 280]],[[332 281]],[[329 281]],[[329 287]],[[342 287]],[[342 280]]
[[173 273]],[[174 272]],[[176 272]],[[179 275]],[[179 276]],[[180 276]],[[181 277]],[[180 278]],[[180 279]],[[179 280]],[[179 284]],[[177 286]],[[177 288]],[[176 289]],[[176 295]],[[177 296]],[[186 296]],[[186 293]],[[187 292]],[[188 292]],[[189 293]],[[189 307]],[[195 307]],[[196 308]],[[205 308]],[[205 302]],[[200 302]],[[199 301]],[[197 301]],[[196 300]],[[196 298]],[[195 297]],[[195 293]],[[194 293]],[[193 292]],[[193 286]],[[194 285]],[[195 285]],[[196 286]],[[196 291]],[[197 292]],[[197 293]],[[198 294]],[[198 295]],[[205 295]],[[205 291]],[[206 290]],[[206 283]],[[205 282]],[[205 281]],[[206 280]],[[207 280]],[[208 281]],[[208 282]],[[209 283]],[[209 284]],[[210 285]],[[210 286]],[[211 287]],[[210 288]],[[210 289]],[[209 290]],[[208 290]],[[208 313]],[[207 314]],[[198 314]],[[197 315]],[[196 315]],[[196 321]],[[204 321]],[[205 320]],[[206 320]],[[207 321]],[[214 321]],[[215 320]],[[215 314]],[[214 313]],[[214 304]],[[215 303]],[[218 306]],[[218 309]],[[219 310]],[[219 319]],[[218 320]],[[218 324]],[[217 325]],[[217 327]],[[216 328]],[[216 334]],[[217 335]],[[218 335]],[[219 336]],[[219 337]],[[223 337]],[[224 338]],[[227 338]],[[228 339]],[[228 340]],[[227 341]],[[226 340]],[[215 340]],[[215 348]],[[214 349]],[[213 349]],[[213 351]],[[212 352]],[[212 353]],[[211 354]],[[211 358]],[[209 360]],[[208 360]],[[208 369]],[[209 370]],[[211 370]],[[212 371]],[[213 371]],[[214 372]],[[214 373]],[[215 374]],[[222 374]],[[223 375]],[[223 376]],[[224 377]],[[224 380]],[[226 380]],[[228 382]],[[228 384]],[[229 385]],[[229 387]],[[234 392]],[[234 395]],[[235 396]],[[235 402]],[[234 403]],[[232 403]],[[231 402]],[[231 400]],[[225 400]],[[224 401]],[[223 401]],[[223 406]],[[222 407]],[[221 407]],[[221 410]],[[220 411]],[[219 410]],[[219 406]],[[211 406]],[[210 405]],[[210 403]],[[201 403]],[[201 404]],[[200 405]],[[198 405]],[[197 404]],[[197 402]],[[196 401]],[[196 399]],[[195 398]],[[195 396]],[[183 396]],[[182 395]],[[182 389]],[[181 389]],[[179 387]],[[178 387]],[[177 386]],[[177 385]],[[176 385]],[[174 383]],[[174 379]],[[173 378]],[[169 378]],[[168 377]],[[168 374]],[[164 374]],[[163 373]],[[163 371]],[[164 370]],[[171 370]],[[171 363]],[[170 362]],[[167 362]],[[166 361]],[[166 349]],[[165 349]],[[163 347]],[[163 345]],[[164 344]],[[167 344]],[[167 337]],[[165 335]],[[165 331]],[[162 331]],[[161 330]],[[161 328]],[[160 327]],[[160 322]],[[159 321]],[[160 320]],[[160 319]],[[161 318]],[[161 309]],[[162 308]],[[163 308]],[[164 307]],[[167 307]],[[167 306]],[[168 305]],[[170 305]],[[170 304]],[[171 303]],[[171 296]],[[172 295]],[[173 295]],[[173 288]],[[175 286]],[[175 280]],[[173 280]],[[172 279]],[[173 278]]
[[194 374]],[[194 376]],[[193 377]],[[192 376]],[[192 375]],[[186 375]],[[186 381]],[[191 381]],[[192 382]],[[192 383]],[[198 383]],[[198 382]],[[199 381]],[[200 381]],[[200 374]]
[[196 326]],[[195 327]],[[194 327]],[[194 333]],[[203 333]],[[203 326]]
[[180 309]],[[180 319]],[[182 319]],[[183 320]],[[189 320]],[[189 312]],[[187 312]],[[186 311]],[[186 309]]
[[ 84 263]],[[ 85 264]],[[ 85 267]],[[ 94 267]],[[ 94 266]],[[ 95 265]],[[ 96 266]],[[102 266]],[[103 267]],[[103 270]],[[105 270]],[[106 271]],[[106 272]],[[107 273]],[[107 276]],[[106 277]],[[106 278]],[[105 279]],[[105 281]],[[104 282]],[[104 283]],[[103 284]],[[103 291]],[[111 291]],[[112 290]],[[112 285]],[[113 284]],[[114 284]],[[114 283]],[[115 282]],[[116 283]],[[122 283]],[[122 277]],[[116 277]],[[115 276]],[[116 275]],[[122 275]],[[122 274]],[[123 273]],[[124 274]],[[134 274]],[[136 276]],[[135 277]],[[131 277]],[[131 284]],[[137 284]],[[138 285]],[[138 287]],[[139 288]],[[139 290]],[[140 290]],[[141 291]],[[142 291]],[[143 292]],[[143 293]],[[144 294]],[[144 295]],[[145 296]],[[145 297]],[[146 298]],[[146 303]],[[150 303]],[[152 305]],[[152 307]],[[150 309]],[[150 310]],[[149 311]],[[149 312]],[[147 314]],[[147 320]],[[145 322]],[[144 322]],[[143 323]],[[143 340]],[[140 343]],[[139 343]],[[138 344]],[[137 344]],[[133 348]],[[132 348]],[[132 354]],[[133 355]],[[133 358]],[[132 359]],[[126 359]],[[125 358]],[[125 357]],[[118 357]],[[116 355]],[[116 352]],[[112 352]],[[111 351]],[[ 94 351]],[[ 94 352]],[[ 92 354]],[[ 91 354]],[[ 89 356]],[[ 88 356]],[[ 87 357]],[[ 86 357]],[[ 85 358]],[[ 84 358]],[[ 83 357]],[[ 76 357]],[[ 75 358]],[[ 73 358]],[[ 70 361]],[[ 69 360]],[[ 67 360]],[[ 66 359]],[[ 66 357]],[[ 65 356]],[[ 65 354]],[[ 63 354]],[[ 62 353]],[[ 62 352]],[[ 61 352]],[[ 59 350]],[[ 55 350]],[[ 54 349]],[[ 54 347]],[[ 52 347]],[[ 51 346]],[[ 51 343]],[[ 50 342]],[[ 50 340]],[[ 49 339]],[[ 49 337]],[[ 48 336]],[[ 48 334]],[[ 46 334]],[[ 44 332]],[[ 46 330]],[[ 49 330]],[[ 49 321]],[[ 48 321]],[[ 47 320]],[[ 47 316]],[[ 48 315]],[[ 48 312]],[[ 49 311]],[[ 49 299]],[[ 48 298]],[[ 48 297]],[[ 49 296]],[[ 49 293]],[[ 51 291]],[[ 52 291]],[[ 53 290]],[[ 55 290]],[[ 55 283]],[[ 54 283]],[[ 53 282]],[[ 56 279]],[[ 61 279]],[[ 62 278]],[[ 64 278]],[[ 64 270]],[[ 63 269]],[[ 63 268]],[[ 64 267]],[[ 66 267]],[[ 69 264]],[[ 74 264]],[[ 75 265]],[[ 75 266]],[[ 74 267]],[[ 72 267]],[[ 72 273]],[[ 79 273]],[[ 79 271]],[[ 80 270]],[[ 81 270]],[[ 82 269]],[[ 82 265]]
[[118 291]],[[118 298]],[[124 298]],[[124 291]]
[[ 89 288]],[[ 88 289]],[[ 88 294]],[[ 87 295]],[[ 87 296]],[[ 86 297]],[[ 86 298]],[[ 83 301]],[[ 83 307]],[[ 84 308]],[[ 85 308]],[[ 86 309]],[[ 92 309]],[[ 93 308]],[[ 96 308]],[[ 96 305]],[[ 97 304]],[[ 98 304]],[[ 99 305]],[[ 99 306]],[[105 306]],[[105 303]],[[106 302]],[[106 293]],[[ 97 293]],[[ 96 292]],[[ 96 288]]
[[ 94 298]],[[ 95 297]],[[ 96 298]],[[ 96 300]],[[ 95 301]],[[ 94 300]]
[[ 95 295]],[[ 96 294]],[[ 97 295]],[[ 97 296]],[[ 96 297]],[[ 95 296]]
[[ 82 275]],[[ 82 276]],[[ 80 278]],[[ 79 278]],[[ 79 284]],[[ 87 284]],[[ 88 283]],[[ 89 283]],[[ 89 277]],[[ 88 276]],[[ 88 275]]
[[366 249]],[[367 248]],[[368 249]],[[367 250]]
[[137 241]],[[138 240]],[[139 241]],[[138 242]]
[[378 235]],[[379 234]],[[380 235]],[[380 253]],[[379 254]],[[378 254]],[[377 253]],[[378 252]]
[[122 234]],[[123 233]],[[124 234]],[[129 234]],[[130 235]],[[131 235]],[[132 236]],[[132 237]],[[133 238]],[[132 239]],[[131 239]],[[130 238]],[[126 238]],[[125 237]],[[124 237]],[[122 235]]
[[ 99 234]],[[100 233]],[[101 234]],[[103 234]],[[105 236]],[[105 238]],[[104 239]],[[ 97 239]],[[ 97 245]],[[ 96 246]],[[ 95 245]],[[ 95 242]],[[ 94 241]],[[ 85 241]],[[ 84 240]],[[ 84 239]],[[ 85 238]],[[ 85 235]],[[ 86 234]]
[[120 229]],[[121 228]],[[122 228]],[[123 229]],[[123 232]],[[122 233]],[[121 232]],[[121 231]],[[120 230]]
[[194 222]],[[195 221]],[[196 222]],[[197 222]],[[199 224]],[[199 225]],[[200 226]],[[200 227]],[[201 228]],[[201 229]],[[202 230]],[[202 235]],[[205 238]],[[205 241]],[[206 242]],[[205 243]],[[204 243]],[[204 246]],[[203 247]],[[201 247]],[[200 246]],[[200 245]],[[201 244]],[[201 238]],[[200 237]],[[200 236]],[[199 235]],[[199 230]],[[196 227]],[[196 226]],[[195 225]],[[195 224]],[[194 223]]
[[192 221]],[[193 220]],[[194 221]],[[193 222]]
[[377 211]],[[378 210]],[[379 211]],[[379 222]],[[378 223]],[[377 222]]
[[ 32 194]],[[ 33 193]],[[ 34 194]],[[ 33 195]]
[[373 185]],[[374 184]],[[375 185]],[[375 186]],[[374 187]],[[374 188]],[[373 189]],[[373 196]],[[374 197]],[[374 198]],[[373 199]],[[370 196]],[[370 188]],[[366 188]],[[365 187]],[[365 186]],[[366 185]]
[[374 184]],[[375 183]],[[376 184]],[[375 185]]
[[125 184]],[[126 183]],[[127 184]],[[127 186]],[[128 187]],[[128 195]],[[133 195]],[[134 196]],[[134 202]],[[141 202]],[[142 201]],[[143 202]],[[168 202]],[[169 201]],[[172 201]],[[172 191]],[[173 190]],[[174 190]],[[175 191]],[[175 196]],[[176 197]],[[176 200]],[[177 201]],[[183 201]],[[183 195]],[[182 194]],[[184 192]],[[186 194]],[[186 195]],[[187 196]],[[187 197]],[[188 198]],[[188 199]],[[189 200]],[[189 202]],[[190 203]],[[190 204]],[[189 205]],[[188 204]],[[182 204]],[[182 206]],[[181 207]],[[181 209]],[[180 210]],[[176 210]],[[176 219]],[[186 219]],[[186 216]],[[187 215]],[[187 214]],[[188 213]],[[188 212]],[[189 211]],[[189 205]],[[190 204]],[[191 205]],[[191 209]],[[192 210]],[[192 219]],[[193 220]],[[192 221]],[[186 221]],[[186 225]],[[185 226]],[[184 226]],[[182 224]],[[180 224]],[[179 223]],[[171 223]],[[171 232]],[[172 233]],[[188 233]],[[189 234]],[[189 235]],[[192 235]],[[194 237]],[[193 238]],[[187 238]],[[187 247]],[[188 248]],[[200 248]],[[201 249]],[[201 252]],[[200 253]],[[199 252]],[[197 252]],[[196 251]],[[190 251]],[[189 250]],[[183 250]],[[181 252]],[[180 251]],[[171 251]],[[170 250]],[[170 249]],[[163 249]],[[161 247]],[[162 246]],[[163 246]],[[164 247]],[[185 247]],[[185 239]],[[182 239]],[[181 238]],[[181 235]],[[175 235]],[[174 236]],[[168 236]],[[167 237]],[[164 237]],[[163 238]],[[162 237]],[[162 235]],[[156 235]],[[155 236]],[[149 236]],[[148 235]],[[149 234]],[[150 234]],[[150 228]],[[149 227]],[[145 227]],[[144 226]],[[144 225]],[[135 225]],[[134 226]],[[134 227]],[[133 228]],[[131 226]],[[126 226]],[[125 225]],[[125 217]],[[119 217]],[[118 216]],[[115 216]],[[114 215]],[[114 214]],[[113 214]],[[112 213]],[[112 212]],[[113 211]],[[120 211]],[[120 204]],[[117 204]],[[116 203]],[[116 202]],[[117 201]],[[126 201]],[[126 194]],[[120 194]],[[119 195]],[[115 195]],[[115 197]],[[114 198]],[[104 198]],[[104 206]],[[103 207]],[[103 214]],[[104 215]],[[104 222]],[[105 223]],[[105 224]],[[106 225]],[[104 227]],[[100 227]],[[ 99 226]],[[ 99 225]],[[ 98 225]],[[ 97 224]],[[ 89 224]],[[ 87 226]],[[ 85 226]],[[ 84 227]],[[ 79 227]],[[ 78 228]],[[ 74 228]],[[ 73 227]],[[ 73 226]],[[ 71 226]],[[ 70 225]],[[ 70 224]],[[ 69 224]],[[ 68 223]],[[ 68 217]],[[ 64 217]],[[ 63 216]],[[ 63 215]],[[ 62 214]],[[ 63 213]],[[ 69 213]],[[ 70 212]],[[ 70 203]],[[ 65 203]],[[ 63 201]],[[ 63 199]],[[ 62 199]],[[ 60 197]],[[ 60 196]],[[ 58 196]],[[ 57 195]],[[ 56 195]],[[ 54 193]],[[ 49 193]],[[ 47 191]],[[ 48 190]],[[ 53 190]],[[ 53 189]],[[ 55 187]],[[ 56 188]],[[ 64 188]],[[ 65 189]],[[ 73 189]],[[ 73 185]],[[ 74 184]],[[ 75 185]],[[ 75 190]],[[101 190]],[[102 189]],[[103 190]],[[125 190]]
[[148 215]],[[148 221]],[[149 222]],[[153 222]],[[154 223]],[[154 224]],[[153 225]],[[152 225]],[[152 233]],[[162 233]],[[162 223]],[[159 223]],[[158 222]],[[159 221]],[[159 215]]
[[166 213]],[[166 220]],[[174 220]],[[174 213]]
[[130 213]],[[130 221]],[[136 221]],[[136 213]]
[[ 72 213]],[[ 72 220]],[[ 73 221]],[[ 81 221]],[[ 82 220]],[[ 87 220]],[[ 87 214]],[[ 79 214]],[[ 78 213]]
[[155 204]],[[155 210]],[[161 210]],[[161 204]]
[[142 204]],[[141 205]],[[136 205]],[[136 211]],[[153 211]],[[153 204]]
[[ 95 203]],[[ 95 210]],[[101 210]],[[101 203]]
[[ 85 199]],[[ 85 207]],[[ 91 207]],[[ 91 199]]
[[ 93 195]],[[ 93 201]],[[ 99 201]],[[ 99 195]]
[[ 77 193]],[[ 77 199]],[[ 83 199]],[[ 83 193]]
[[154 179]],[[155 178]],[[156 178]],[[157 179]],[[157 180]],[[158 181]],[[158 182]],[[160 184]],[[160 185]],[[164 189]],[[164 191]],[[165 192]],[[165 193]],[[164 194]],[[163 193]],[[161 193]],[[159 191]],[[159 187]],[[158 186]],[[157 186]],[[156 185]],[[156 182]],[[154 180]]
[[401 167]],[[402 166]],[[403 167]],[[402 168]]
[[112 164]],[[113 163]],[[114 164]],[[113 165]]
[[226 155]],[[227 154]],[[228 155]],[[228 159]],[[227 160]],[[226 159]]
[[237 153]],[[238 152]],[[239 153]],[[239 157]],[[240 158]],[[239 159]],[[238 159]],[[237 158]]
[[236 152]],[[237 151]],[[238 152]],[[237 153]]
[[237 144]],[[238 143]],[[239 144]],[[238 145]]
[[ 62 144]],[[ 63 143]],[[ 64 143]],[[ 65 144]],[[ 64 145]],[[ 63 145]]
[[ 81 143]],[[ 82 142]],[[ 83 142]],[[ 84 143]],[[ 83 144]],[[ 82 144]]
[[ 83 142]],[[ 84 141]],[[ 85 142]],[[ 84 143]]
[[ 73 141]],[[ 74 142]],[[ 74 144]],[[ 73 145]],[[ 72 145]],[[ 71 144]],[[ 71 143]]
[[ 93 139]],[[ 95 139]],[[ 96 140]],[[ 95 141]],[[ 94 141]],[[ 93 142]],[[ 92 142]],[[ 91 141]]
[[ 99 138]],[[100 137]],[[101 137]],[[102 138]],[[101 139]],[[100 139]]
[[347 136]],[[348 135]],[[349 136]],[[349 145]],[[358 145]],[[358 144]],[[359 143]],[[365 143]],[[365 139]],[[366 138]],[[367 139]],[[367 141]],[[370 141]],[[371 142]],[[371 146]],[[378 146]],[[378 143]],[[379 142]],[[380 143]],[[380 147]],[[381 148]],[[381 169]],[[380 170]],[[380 175]],[[379 176]],[[379 180]],[[378 181]],[[377 181]],[[376 180]],[[376 171]],[[367 171]],[[366 170]],[[366 168]],[[359 168]],[[358 169]],[[356 169]],[[355 168]],[[355 167]],[[346 167]],[[346 173]],[[347 174]],[[347 175]],[[350 175]],[[351 176]],[[363 176]],[[364 177]],[[364 181]],[[363 182]],[[356 182]],[[356 191]],[[361 191]],[[362 192]],[[362 195]],[[361 196]],[[356 196]],[[355 197]],[[342 197]],[[342 204]],[[343 204]],[[344 205]],[[351 205]],[[352 206]],[[360 206]],[[361 207]],[[363 207]],[[364 208]],[[364 214]],[[367 214]],[[368 215]],[[368 216]],[[369 217]],[[368 218]],[[364 218]],[[364 226]],[[365 227]],[[365 241]],[[364 242]],[[349 242]],[[349 250]],[[355 250]],[[356 249]],[[357 250]],[[363 250]],[[364 251]],[[364 254]],[[363 255]],[[362 254]],[[354 254]],[[352 252]],[[346 252]],[[345 251]],[[346 250]],[[346 241]],[[335 241]],[[333 239]],[[330 239]],[[328 237]],[[327 237]],[[326 236]],[[326 235]],[[327 234]],[[328 235]],[[345 235]],[[345 226]],[[338 226]],[[337 225]],[[329 225]],[[329 226]],[[327 228]],[[325 226]],[[323 226]],[[322 225]],[[320 225]],[[319 224]],[[319 221]],[[320 220]],[[332 220]],[[333 219]],[[334 220]],[[341 220]],[[341 214]],[[335 214]],[[334 213]],[[331 213]],[[330 212]],[[324 212]],[[323 213]],[[321 213]],[[320 214]],[[315 214]],[[315 218]],[[314 219]],[[313 219]],[[312 218]],[[312 217]],[[311 216]],[[311 215]],[[310 214]],[[310 213]],[[309 212]],[[309 210]],[[308 209]],[[301 209]],[[301 210]],[[300 211]],[[295 211]],[[295 213]],[[294 214]],[[293 214]],[[292 213]],[[292 212]],[[284 212]],[[284 213]],[[283 214]],[[282 214]],[[281 215]],[[280 215]],[[280 217]],[[279 218]],[[279 220]],[[278 221]],[[275 221]],[[275 229]],[[277 231]],[[277 232]],[[276 233]],[[274 233]],[[273 232]],[[273 230]],[[271 228]],[[260 228]],[[260 232]],[[259 233]],[[259 239]],[[261 239]],[[262 240]],[[262 242]],[[264 242]],[[265 243]],[[269 243]],[[270 244]],[[277 244]],[[277 235]],[[278 234]],[[279 234]],[[281 236]],[[281 248]],[[280 249]],[[278 249]],[[277 250]],[[276 250]],[[276 252]],[[275 253]],[[274 252]],[[274 251]],[[272 249]],[[272 248]],[[266 248]],[[266 249]],[[265 250]],[[265 251]],[[264 252]],[[261 252]],[[260 251]],[[260 250]],[[259 250]],[[258 249]],[[258 248]],[[251 248]],[[250 249]],[[249 249]],[[248 248]],[[248 247]],[[249 246]],[[250 246]],[[251 245]],[[251 244]],[[252 243]],[[252 237]],[[249 237]],[[245 233]],[[245 232]],[[246 231]],[[246 223]],[[240 223]],[[240 229]],[[239 230]],[[238 230]],[[237 229]],[[237 228]],[[236 227]],[[236 225]],[[235 224]],[[235 222]],[[232 222]],[[231 221]],[[231 210]],[[230 209]],[[230 205]],[[231 204]],[[232 204]],[[232 203]],[[233 202]],[[233 195]],[[230 195]],[[226 191]],[[226 190]],[[225 189]],[[225 186]],[[224 185]],[[224 181]],[[223 180]],[[223 179]],[[222 178]],[[223 177]],[[223 176]],[[224 175]],[[224 174]],[[225 173]],[[225 166]],[[226 165]],[[228 167]],[[228 174]],[[234 174]],[[234 173]],[[235 172]],[[237 174]],[[237 176]],[[243 176]],[[243 170]],[[245 168]],[[249 168]],[[249 162]],[[248 161]],[[248 156]],[[247 156]],[[246 155]],[[246 154]],[[247 153]],[[247 146]],[[248 145]],[[248 142]],[[249 141]],[[250 142]],[[250 143]],[[251 143]],[[253 145]],[[253 146]],[[252 147]],[[250 147]],[[250 153]],[[256 153]],[[256 151]],[[257 150]],[[263 150]],[[263 149]],[[264 148]],[[265 148]],[[268 151]],[[268 152]],[[270 154]],[[271 154]],[[274 157]],[[274 158]],[[281 158]],[[282 159]],[[282 160]],[[283 161]],[[283 162]],[[285 164]],[[285 176]],[[286 177]],[[286 179]],[[287 179]],[[289 181]],[[289 188]],[[290 189]],[[290 194]],[[291 195]],[[291 205]],[[298 205]],[[298 203]],[[299 202]],[[300 202]],[[301 201]],[[303 201]],[[303 195]],[[302 194]],[[304 192]],[[304 191]],[[306 189]],[[307 190]],[[313 190]],[[314 189]],[[315 190]],[[326 190]],[[326 184]],[[325 184]],[[323 182]],[[324 181]],[[328 181]],[[328 176]],[[329 175]],[[330 175]],[[331 174]],[[332 174]],[[333 173]],[[334 173]],[[334 169]],[[335 168]],[[338 168]],[[338 163]],[[339 162]],[[341 162]],[[342 161]],[[342 155]],[[343 154]],[[344 154]],[[344 148]],[[343 147]],[[343 146]],[[344 145]],[[347 145]]
[[353 215]],[[353 221]],[[355 221]],[[356 222]],[[362 222]],[[362 216]],[[361 216]],[[360 215]]
[[344 213]],[[344 221]],[[350 221]],[[350 213]]
[[280 198]],[[280 205]],[[286 205]],[[286 198]]
[[312 196]],[[311 197]],[[309 197]],[[308 198]],[[308 204]],[[309 204]],[[310 205]],[[319 205]],[[320 204]],[[322 204]],[[322 196]]
[[241 183]],[[241 189]],[[248 189]],[[248 183]]
[[343 181]],[[343 183]],[[342 184]],[[341 184]],[[340 183]],[[333 183]],[[332 184]],[[330 184]],[[330 190]],[[347 190]],[[347 188]],[[348 187]],[[353 187]],[[353 181]]
[[259 154]],[[259 163]],[[258 164]],[[251 164]],[[251 173]],[[255 173]],[[256 174]],[[256 176]],[[257 177]],[[257 178]],[[263 178]],[[264 177]],[[269 177]],[[269 176]],[[270 175]],[[271 176]],[[271 177]],[[277 177]],[[278 176]],[[279 176]],[[279 174]],[[280 173]],[[280 162]],[[279 162]],[[278 161]],[[278 160]],[[272 160]],[[271 159]],[[271 157]],[[270 156]],[[269 156]],[[268 155]],[[266 155]],[[265 154]]
[[270 164]],[[271 163]],[[272 164]],[[271 165]]
[[259 164]],[[260 163]],[[261 164]],[[261 168]],[[260 169]],[[259 168]]
[[104 136]],[[105 135]],[[106 136]],[[105 137]]
[[433 126]],[[434 125]],[[435 126]],[[434 127]]
[[196 110]],[[197 109]],[[198 110]],[[198 111]],[[197 112]],[[196 111]]
[[195 109]],[[196 108]],[[197 109]],[[196 110]]
[[377  95]],[[378  94]],[[379  95]],[[379  96]],[[378  97]],[[377  96]]
[[358  94]],[[359  93]],[[360  94]],[[360  95]],[[365  95]],[[366  96]],[[365  97]],[[364  97]],[[364  99]],[[363 100]],[[354 100]],[[353 101]],[[352 101]],[[351 100]],[[350 100]],[[348  98]],[[348  97]],[[349  96]],[[357  96]],[[358  95]]
[[232  81]],[[233  80]],[[235  82]],[[235  83]],[[236  84]],[[236  86]],[[237  87]],[[237  89]],[[238  90]],[[238  93]],[[239  94]],[[239 102]],[[241 104]],[[240 105]],[[240 106]],[[239 107]],[[239 113]],[[238 114]],[[226 114]],[[225 115]],[[218 115]],[[217 114]],[[216 114]],[[214 112]],[[215 111]],[[221 111]],[[222 110]],[[226 110]],[[226 104]],[[215 104]],[[214 105]],[[213 104]],[[213 103]],[[212 102]],[[212  97]],[[204  97]],[[203  96]],[[204  95]],[[204  93]],[[205  92]],[[213  92]],[[214  91]],[[223  91]],[[223  89]],[[224  88]],[[232  88]]
[[231 104]],[[231 110]],[[237 110]],[[237 104]]
[[226  94]],[[226 100]],[[234 100]],[[234  94]]
[[138  78]],[[139  77]],[[140  78]],[[141  78]],[[142  79]],[[142  80]],[[145  80]],[[148  83]],[[149  83]],[[150  84]],[[150  86]],[[156  86]],[[158  88]],[[158  92]],[[157  93]],[[157  99]],[[156 100]],[[156 101]],[[154 103]],[[150 103]],[[149 104]],[[148 104]],[[147 105]],[[145 105]],[[144 106]],[[138 106]],[[137 107]],[[136 107]],[[135 108]],[[125 108]],[[125 109]],[[124 110]],[[121 110]],[[121 116]],[[120 117]],[[119 117]],[[119 121]],[[117 123]],[[117 124]],[[115 126]],[[115 128]],[[114 129]],[[114 130]],[[108 136]],[[106 136]],[[105 135]],[[105 134]],[[107 132]],[[108 132]],[[108 131]],[[109 130]],[[109 127]],[[110 126]],[[110 125]],[[114 121]],[[114 110]],[[102 110]],[[101 111]],[[ 98 111]],[[ 97 112]],[[ 96 112]],[[ 95 111]],[[ 95 109]],[[ 94 108]],[[ 96 106]],[[102 106]],[[102 105]],[[103 104]],[[115 104]],[[115  98]],[[102  98]],[[102  99]],[[101 100]],[[ 99 100]],[[98 99]],[[98 97]],[[97 96]],[[99 94]],[[102  94]],[[103  93]],[[107  93]],[[108  92]],[[109  93]],[[115  93]],[[116  92]],[[117  92]],[[118  91]],[[125  91]],[[126  92]],[[132  92]],[[132  86]],[[131  85]],[[131  84]],[[130  83]],[[130  81]],[[131  80]],[[137  80]],[[138  79]]
[[135  95]],[[134  96]],[[120  96]],[[120 102]],[[126 102]],[[127 103]],[[133 103]],[[134 102]],[[136 102]],[[137 101]],[[145 101]],[[145  95]]
[[140  84]],[[140  90]],[[146  90]],[[146  84]]
[[361  76]],[[362  75]],[[364  77]],[[363  78]],[[359  78]],[[359  85]],[[362  85]],[[363  86]],[[362  87]],[[359  87]],[[358  88]],[[352  88]],[[351  89]],[[349  87]],[[349  86]],[[350  85]],[[357  85]],[[357  79]],[[350  79]],[[350  81]],[[349  82]],[[348  81]],[[348  77]],[[349  76]]
[[211  75]],[[212  74]],[[226  74]],[[227  75]],[[226  76]],[[223  76]],[[223  78]],[[222  79]],[[216  79]],[[215  80]],[[214  79]],[[214  78]]
[[281  72]],[[282  71]],[[289  71]],[[291  73]],[[291  74]],[[290  75]],[[285  75]],[[284  76]],[[282  76]],[[281  77]],[[275  77]],[[274  78]],[[273  78]],[[272  77]],[[272  76]],[[273  75]],[[274  75]],[[275  74]],[[276  74]],[[277  73]],[[278  73]],[[279  72]]
[[304  70]],[[305  69]],[[308  69]],[[309  70]],[[308  71]],[[308  77]],[[312  77]],[[313  78]],[[314  78]],[[316  80]],[[315  81]],[[315  88]],[[314  89]],[[308  89]],[[307  90]],[[307  96]],[[312  96]],[[313  97]],[[313  99]],[[312 100]],[[300 100]],[[300 106]],[[307 106]],[[308 107]],[[308 109]],[[307 110]],[[296 110]],[[295 111]],[[279 111]],[[278 110]],[[278 109]],[[279 108]],[[287 108]],[[287 102]],[[284 102]],[[283 101]],[[282 101]],[[280  99]],[[281  98]],[[289  98]],[[289  92]],[[281  92]],[[280  93]],[[278  93]],[[276  91]],[[277  90]],[[279  90]],[[280  89]],[[284  89]],[[285  88]],[[293  88]],[[294  87]],[[300  87]],[[300  81]],[[298  81]],[[297  80]],[[297  77]],[[296  76]],[[297  75]],[[297  74]],[[298  73]],[[302  73]],[[302  72]],[[303  71]],[[304  71]]
[[295  91]],[[295  97]],[[305  97]],[[305  91]]
[[349  66]],[[351  68]],[[351  69]],[[350  70]],[[347  70]],[[347  72]],[[346  73]],[[345  73]],[[344  72]],[[344  69]],[[345  68]],[[347  68]]
[[204  66]],[[205  65]],[[206  66]],[[205  67]]
[[108  58]],[[109  57]],[[111  57]],[[112  58]],[[115  58]],[[120  63]],[[120  69]],[[121  70]],[[126  70]],[[128  72]],[[128  80]],[[127  81]],[[123  81]],[[123  84]],[[122  85]],[[116  85]],[[115  86]],[[114  85]],[[106  85]],[[105  86]],[[94 86]],[[93 85]],[[93 83]],[[94 82]],[[95 82]],[[95 73]],[[96 72]],[[97 72]],[[99 70]],[[104  70]],[[104  64]],[[99 64]],[[98 63]],[[98 62]],[[97 62]],[[96 61]],[[96 60]],[[97 59]],[[102  59]],[[103  58]]
[[19 57]],[[20 56]],[[21 57]],[[ 21 108]],[[ 22 109]],[[ 22 242]],[[ 21 243]],[[ 20 242]],[[ 20 141]],[[ 19 140]]
[[381  40]],[[382  39]],[[383  40]],[[382  41]]
